Top,Bottom,A/L,Rating
T006,B001,A005,-1
T010,B001,A010,1
T010,B001,A002,1
T014,B001,A003,1
T017,B001,A003,1
T018,B001,A003,1
T019,B001,A001,1
T020,B001,A001,1
T021,B001,A005,-1
T022,B001,A003,1
T028,B001,A009,1
T028,B001,A003,1
T029,B001,A002,0
T030,B001,A021,1
T040,B001,A018,-1
T005,B002,A011,1
T009,B002,A012,0
T010,B002,A002,1
T015,B002,A014,1
T018,B002,A010,-1
T021,B002,A013,1
T023,B002,A011,1
T027,B002,A018,-1
T032,B002,A001,1
T034,B002,A019,0
T035,B002,A004,0
T010,B003,A019,1
T012,B003,A010,-1
T012,B003,A014,0
T016,B003,A019,1
T019,B003,A012,1
T020,B003,A016,-1
T024,B003,A003,1
T025,B003,A005,1
T028,B003,A015,-1
T031,B003,A011,1
T038,B003,A009,1
T002,B004,A011,1
T007,B004,A015,1
T012,B004,A005,0
T016,B004,A011,1
T022,B004,A015,1
T027,B004,A003,1
T029,B004,A009,0
T031,B004,A019,0
T033,B004,A002,0
T034,B004,A018,-1
T035,B004,A017,-1
T001,B005,A018,-1
T004,B005,A017,1
T005,B005,A011,1
T006,B005,A014,1
T009,B005,A005,1
T009,B005,A021,1
T012,B005,A016,-1
T016,B005,A011,1
T020,B005,A008,-1
T021,B005,A013,1
T023,B005,A018,0
T028,B005,A005,1
T037,B005,A004,0
T039,B005,A010,1
T001,B006,A003,1
T004,B006,A003,1
T004,B006,A016,1
T012,B006,A010,-1
T013,B006,A019,1
T014,B006,A003,1
T015,B006,A012,-1
T024,B006,A003,1
T026,B006,A015,1
T037,B006,A014,0
T039,B006,A013,-1
T005,B007,A011,1
T006,B007,A018,-1
T007,B007,A016,1
T012,B007,A003,1
T013,B007,A002,-1
T017,B007,A003,1
T021,B007,A002,1
T026,B007,A003,1
T026,B007,A003,1
T032,B007,A001,0
T036,B007,A019,1
T038,B007,A019,1
T039,B007,A009,1
T042,B007,A003,1
T004,B008,A005,1
T007,B008,A016,1
T018,B008,A015,-1
T020,B008,A012,-1
T025,B008,A019,1
T027,B008,A020,1
T029,B008,A013,-1
T038,B008,A002,1
T040,B008,A020,1
T041,B008,A020,1
T004,B009,A020,1
T007,B009,A002,1
T012,B009,A010,-1
T015,B009,A014,1
T021,B009,A019,1
T025,B009,A018,-1
T026,B009,A020,1
T033,B009,A005,1
T034,B009,A006,1
T037,B009,A016,0
T001,B010,A005,1
T004,B010,A002,1
T008,B010,A010,-1
T018,B010,A018,-1
T021,B010,A005,1
T031,B010,A020,1
T033,B010,A009,1
T036,B010,A014,0
T015,B011,A015,-1
T017,B011,A013,-1
T029,B011,A002,1
T032,B011,A020,1
T033,B011,A004,1
T034,B011,A009,1
T035,B011,A011,-1
T037,B011,A019,1
T038,B011,A006,0
T040,B011,A009,1
T042,B011,A007,1
T011,B012,A003,1
T014,B012,A016,-1
T022,B012,A015,-1
T023,B012,A001,1
T025,B012,A007,0
T026,B012,A020,1
T029,B012,A020,1
T030,B012,A011,1
T032,B012,A001,1
T036,B012,A010,-1
T015,B013,A016,-1
T018,B013,A007,1
T019,B013,A003,1
T034,B013,A009,1
T039,B013,A005,-1
T001,B014,A005,1
T007,B014,A009,1
T018,B014,A020,0
T022,B014,A019,1
T024,B014,A018,-1
T027,B014,A002,1
T034,B014,A002,-1
T007,B015,A003,1
T012,B015,A020,1
T027,B015,A020,1
T030,B015,A011,1
T031,B015,A009,-1
T040,B015,A013,-1
T007,B016,A013,1
T007,B016,A020,1
T011,B016,A003,1
T020,B016,A015,-1
T037,B016,A012,-1
T038,B016,A007,-1
T002,B017,A003,1
T011,B017,A010,1
T014,B017,A017,-1
T018,B017,A001,1
T025,B017,A020,1
T031,B017,A014,-1
T041,B017,A019,1
T002,B018,A004,-1
T004,B018,A016,1
T024,B018,A013,-1
T028,B018,A018,-1
T034,B018,A009,1
T034,B018,A019,1
T006,B019,A004,-1
T008,B019,A021,1
T011,B019,A020,0
T017,B019,A003,1
T019,B019,A021,1
T023,B019,A011,1
T025,B019,A020,1
T027,B019,A005,1
T034,B019,A007,-1
T001,B020,A005,1
T007,B020,A017,1
T007,B020,A019,1
T019,B020,A021,0
T024,B020,A015,-1
T031,B020,A010,-1
T041,B020,A018,-1
T042,B020,A005,-1
T007,B021,A009,1
T008,B021,A021,1
T016,B021,A012,-1
T019,B021,A020,1
T022,B021,A016,-1
T024,B021,A018,-1
T029,B021,A002,1
T037,B021,A015,1
T004,B022,A016,1
T006,B022,A002,0
T020,B022,A019,-1
T023,B022,A015,-1
T024,B022,A001,-1
T029,B022,A016,1
T030,B022,A015,-1
T033,B022,A017,1
T036,B022,A020,1
T038,B022,A003,1
T042,B022,A020,1
T005,B023,A021,-1
T009,B023,A003,1
T024,B023,A013,-1
T027,B023,A020,1
T030,B023,A011,1
T034,B023,A009,1
T036,B023,A021,1
T037,B023,A015,1
T039,B023,A015,0
T040,B023,A005,1
T042,B023,A021,1
T009,B024,A021,0
T012,B024,A019,-1
T019,B024,A009,1
T020,B024,A019,-1
T030,B024,A001,1
T032,B024,A010,-1
T041,B024,A018,1