Top,Bottom,A/L,Rating
1006.0,101.0,5.0,-1
1010.0,101.0,10.0,1
1010.0,101.0,2.0,1
1014.0,101.0,3.0,1
1017.0,101.0,3.0,1
1018.0,101.0,3.0,1
1019.0,101.0,1.0,1
1020.0,101.0,1.0,1
1021.0,101.0,5.0,-1
1022.0,101.0,3.0,1
1028.0,101.0,9.0,1
1028.0,101.0,3.0,1
1029.0,101.0,2.0,0
1030.0,101.0,21.0,1
1040.0,101.0,18.0,-1
1005.0,102.0,11.0,1
1009.0,102.0,12.0,0
1010.0,102.0,2.0,1
1015.0,102.0,14.0,1
1018.0,102.0,10.0,-1
1021.0,102.0,13.0,1
1023.0,102.0,11.0,1
1027.0,102.0,18.0,-1
1032.0,102.0,1.0,1
1034.0,102.0,19.0,0
1035.0,102.0,4.0,0
1010.0,103.0,19.0,1
1012.0,103.0,10.0,-1
1012.0,103.0,14.0,0
1016.0,103.0,19.0,1
1019.0,103.0,12.0,1
1020.0,103.0,16.0,-1
1024.0,103.0,3.0,1
1025.0,103.0,5.0,1
1028.0,103.0,15.0,-1
1031.0,103.0,11.0,1
1038.0,103.0,9.0,1
1002.0,104.0,11.0,1
1007.0,104.0,15.0,1
1012.0,104.0,5.0,0
1016.0,104.0,11.0,1
1022.0,104.0,15.0,1
1027.0,104.0,3.0,1
1029.0,104.0,9.0,0
1031.0,104.0,19.0,0
1033.0,104.0,2.0,0
1034.0,104.0,18.0,-1
1035.0,104.0,17.0,-1
1001.0,105.0,18.0,-1
1004.0,105.0,17.0,1
1005.0,105.0,11.0,1
1006.0,105.0,14.0,1
1009.0,105.0,5.0,1
1009.0,105.0,21.0,1
1012.0,105.0,16.0,-1
1016.0,105.0,11.0,1
1020.0,105.0,8.0,-1
1021.0,105.0,13.0,1
1023.0,105.0,18.0,0
1028.0,105.0,5.0,1
1037.0,105.0,4.0,0
1039.0,105.0,10.0,1
1001.0,106.0,3.0,1
1004.0,106.0,3.0,1
1004.0,106.0,16.0,1
1012.0,106.0,10.0,-1
1013.0,106.0,19.0,1
1014.0,106.0,3.0,1
1015.0,106.0,12.0,-1
1024.0,106.0,3.0,1
1026.0,106.0,15.0,1
1037.0,106.0,14.0,0
1039.0,106.0,13.0,-1
1005.0,107.0,11.0,1
1006.0,107.0,18.0,-1
1007.0,107.0,16.0,1
1012.0,107.0,3.0,1
1013.0,107.0,2.0,-1
1017.0,107.0,3.0,1
1021.0,107.0,2.0,1
1026.0,107.0,3.0,1
1026.0,107.0,3.0,1
1032.0,107.0,1.0,0
1036.0,107.0,19.0,1
1038.0,107.0,19.0,1
1039.0,107.0,9.0,1
1042.0,107.0,3.0,1
1004.0,108.0,5.0,1
1007.0,108.0,16.0,1
1018.0,108.0,15.0,-1
1020.0,108.0,12.0,-1
1025.0,108.0,19.0,1
1027.0,108.0,20.0,1
1029.0,108.0,13.0,-1
1038.0,108.0,2.0,1
1040.0,108.0,20.0,1
1041.0,108.0,20.0,1
1004.0,109.0,20.0,1
1007.0,109.0,2.0,1
1012.0,109.0,10.0,-1
1015.0,109.0,14.0,1
1021.0,109.0,19.0,1
1025.0,109.0,18.0,-1
1026.0,109.0,20.0,1
1033.0,109.0,5.0,1
1034.0,109.0,6.0,1
1037.0,109.0,16.0,0
1001.0,110.0,5.0,1
1004.0,110.0,2.0,1
1008.0,110.0,10.0,-1
1018.0,110.0,18.0,-1
1021.0,110.0,5.0,1
1031.0,110.0,20.0,1
1033.0,110.0,9.0,1
1036.0,110.0,14.0,0
1015.0,111.0,15.0,-1
1017.0,111.0,13.0,-1
1029.0,111.0,2.0,1
1032.0,111.0,20.0,1
1033.0,111.0,4.0,1
1034.0,111.0,9.0,1
1035.0,111.0,11.0,-1
1037.0,111.0,19.0,1
1038.0,111.0,6.0,0
1040.0,111.0,9.0,1
1042.0,111.0,7.0,1
1011.0,112.0,3.0,1
1014.0,112.0,16.0,-1
1022.0,112.0,15.0,-1
1023.0,112.0,1.0,1
1025.0,112.0,7.0,0
1026.0,112.0,20.0,1
1029.0,112.0,20.0,1
1030.0,112.0,11.0,1
1032.0,112.0,1.0,1
1036.0,112.0,10.0,-1
1015.0,113.0,16.0,-1
1018.0,113.0,7.0,1
1019.0,113.0,3.0,1
1034.0,113.0,9.0,1
1039.0,113.0,5.0,-1
1001.0,114.0,5.0,1
1007.0,114.0,9.0,1
1018.0,114.0,20.0,0
1022.0,114.0,19.0,1
1024.0,114.0,18.0,-1
1027.0,114.0,2.0,1
1034.0,114.0,2.0,-1
1007.0,115.0,3.0,1
1012.0,115.0,20.0,1
1027.0,115.0,20.0,1
1030.0,115.0,11.0,1
1031.0,115.0,9.0,-1
1040.0,115.0,13.0,-1
1007.0,116.0,13.0,1
1007.0,116.0,20.0,1
1011.0,116.0,3.0,1
1020.0,116.0,15.0,-1
1037.0,116.0,12.0,-1
1038.0,116.0,7.0,-1
1002.0,117.0,3.0,1
1011.0,117.0,10.0,1
1014.0,117.0,17.0,-1
1018.0,117.0,1.0,1
1025.0,117.0,20.0,1
1031.0,117.0,14.0,-1
1041.0,117.0,19.0,1
1002.0,118.0,4.0,-1
1004.0,118.0,16.0,1
1024.0,118.0,13.0,-1
1028.0,118.0,18.0,-1
1034.0,118.0,9.0,1
1034.0,118.0,19.0,1
1006.0,119.0,4.0,-1
1008.0,119.0,21.0,1
1011.0,119.0,20.0,0
1017.0,119.0,3.0,1
1019.0,119.0,21.0,1
1023.0,119.0,11.0,1
1025.0,119.0,20.0,1
1027.0,119.0,5.0,1
1034.0,119.0,7.0,-1
1001.0,120.0,5.0,1
1007.0,120.0,17.0,1
1007.0,120.0,19.0,1
1019.0,120.0,21.0,0
1024.0,120.0,15.0,-1
1031.0,120.0,10.0,-1
1041.0,120.0,18.0,-1
1042.0,120.0,5.0,-1
1007.0,121.0,9.0,1
1008.0,121.0,21.0,1
1016.0,121.0,12.0,-1
1019.0,121.0,20.0,1
1022.0,121.0,16.0,-1
1024.0,121.0,18.0,-1
1029.0,121.0,2.0,1
1037.0,121.0,15.0,1
1004.0,122.0,16.0,1
1006.0,122.0,2.0,0
1020.0,122.0,19.0,-1
1023.0,122.0,15.0,-1
1024.0,122.0,1.0,-1
1029.0,122.0,16.0,1
1030.0,122.0,15.0,-1
1033.0,122.0,17.0,1
1036.0,122.0,20.0,1
1038.0,122.0,3.0,1
1042.0,122.0,20.0,1
1005.0,123.0,21.0,-1
1009.0,123.0,3.0,1
1024.0,123.0,13.0,-1
1027.0,123.0,20.0,1
1030.0,123.0,11.0,1
1034.0,123.0,9.0,1
1036.0,123.0,21.0,1
1037.0,123.0,15.0,1
1039.0,123.0,15.0,0
1040.0,123.0,5.0,1
1042.0,123.0,21.0,1
1009.0,124.0,21.0,0
1012.0,124.0,19.0,-1
1019.0,124.0,9.0,1
1020.0,124.0,19.0,-1
1030.0,124.0,1.0,1
1032.0,124.0,10.0,-1
1041.0,124.0,18.0,1
